[
	{
		"name":"软件开发工程师",
		"addr":"北京",
		"HR":"张三",
		"time":"全职",
		"listId":"1",
		"src":"img/headImg/1.jpg",
		"comp":"航天十三所",
		"date":"08-13",
		"exper":"本科·无经验",
		"img":[
			{"src":"img/headImg/1.jpg"}
		],
		"content":"岗位职责1.按时完成项目经理安排的功能模块开发任务；2.参与项目需求的评审，并对相关需求深入理解；3.编写相关技术文档。任职要求：1.专科及以上学历，计算机相关专业；2.Java基础扎实，熟悉常用的SSM架构，能够胜任日常的开发工作；3熟悉LayUI前端框架，以及Spring boot/SpringMVC、Mybatis等开源框架的优先；4.熟知SQL语法，熟悉MySQL、Oracle、SQLServer等数据库的一种或几种；5.具备良好的编程习惯，工作态度积极主动，拥有良好的沟通协作能力；6.能接受出差"
	},
	
	{
		"name":"信息化与软件开发中心",
		"addr":"北京",
		"HR":"张三",
		"time":"全职",
		"listId":"2",
		"src":"img/headImg/2.jpg",
		"comp":"航天十三所",
		"date":"08-13",
		"exper":"本科·三年开发经验",
		"img":[
			{"src":"img/headImg/2.jpg"}
		],
		"content":"岗位职责1.按时完成项目经理安排的功能模块开发任务；2.参与项目需求的评审，并对相关需求深入理解；3.编写相关技术文档。任职要求：1.专科及以上学历，计算机相关专业；2.Java基础扎实，熟悉常用的SSM架构，能够胜任日常的开发工作；3熟悉LayUI前端框架，以及Spring boot/SpringMVC、Mybatis等开源框架的优先；4.熟知SQL语法，熟悉MySQL、Oracle、SQLServer等数据库的一种或几种；5.具备良好的编程习惯，工作态度积极主动，拥有良好的沟通协作能力；6.能接受出差"
	},
	
	{
		"name":"软件开发",
		"addr":"上海",
		"HR":"张三",
		"time":"全职",
		"listId":"3",
		"src":"img/headImg/3.jpg",
		"comp":"兵器装备",
		"date":"08-23",
		"exper":"大专·二年开发经验",
		"img":[
			{"src":"img/headImg/3.jpg"}
		],
		"content":"岗位职责1.按时完成项目经理安排的功能模块开发任务；2.参与项目需求的评审，并对相关需求深入理解；3.编写相关技术文档。任职要求：1.专科及以上学历，计算机相关专业；2.Java基础扎实，熟悉常用的SSM架构，能够胜任日常的开发工作；3熟悉LayUI前端框架，以及Spring boot/SpringMVC、Mybatis等开源框架的优先；4.熟知SQL语法，熟悉MySQL、Oracle、SQLServer等数据库的一种或几种；5.具备良好的编程习惯，工作态度积极主动，拥有良好的沟通协作能力；6.能接受出差"
	},
	
	{
		"name":"软件开发工程师",
		"addr":"上海",
		"HR":"张三",
		"time":"全职",
		"listId":"4",
		"src":"img/headImg/4.jpg",
		"comp":"爱奇艺",
		"date":"08-25",
		"exper":"大专·无经验",
		"img":[
			{"src":"img/headImg/4.jpg"}
		],
		"content":"岗位职责1.按时完成项目经理安排的功能模块开发任务；2.参与项目需求的评审，并对相关需求深入理解；3.编写相关技术文档。任职要求：1.专科及以上学历，计算机相关专业；2.Java基础扎实，熟悉常用的SSM架构，能够胜任日常的开发工作；3熟悉LayUI前端框架，以及Spring boot/SpringMVC、Mybatis等开源框架的优先；4.熟知SQL语法，熟悉MySQL、Oracle、SQLServer等数据库的一种或几种；5.具备良好的编程习惯，工作态度积极主动，拥有良好的沟通协作能力；6.能接受出差"
	},
	
	{
		"name":"软件开发工程师",
		"addr":"成都",
		"HR":"张三",
		"time":"实习",
		"listId":"5",
		"src":"img/headImg/1.jpg",
		"comp":"腾讯",
		"date":"09-13",
		"exper":"大专·经验不限",
		"img":[
			{"src":"img/headImg/1.jpg"}
		],
		"content":"岗位职责1.按时完成项目经理安排的功能模块开发任务；2.参与项目需求的评审，并对相关需求深入理解；3.编写相关技术文档。任职要求：1.专科及以上学历，计算机相关专业；2.Java基础扎实，熟悉常用的SSM架构，能够胜任日常的开发工作；3熟悉LayUI前端框架，以及Spring boot/SpringMVC、Mybatis等开源框架的优先；4.熟知SQL语法，熟悉MySQL、Oracle、SQLServer等数据库的一种或几种；5.具备良好的编程习惯，工作态度积极主动，拥有良好的沟通协作能力；6.能接受出差"
	},
	
	{
		"name":"大数据分析工程师",
		"addr":"山东",
		"HR":"张三",
		"time":"全职",
		"listId":"6",
		"src":"img/headImg/3.jpg",
		"comp":"埃尔特电子",
		"date":"10-13",
		"exper":"无要求",
		"img":[
			{"src":"img/headImg/3.jpg"}
		],
		"content":"岗位职责1.按时完成项目经理安排的功能模块开发任务；2.参与项目需求的评审，并对相关需求深入理解；3.编写相关技术文档。任职要求：1.专科及以上学历，计算机相关专业；2.Java基础扎实，熟悉常用的SSM架构，能够胜任日常的开发工作；3熟悉LayUI前端框架，以及Spring boot/SpringMVC、Mybatis等开源框架的优先；4.熟知SQL语法，熟悉MySQL、Oracle、SQLServer等数据库的一种或几种；5.具备良好的编程习惯，工作态度积极主动，拥有良好的沟通协作能力；6.能接受出差"
	}
]