[{
		"name": "孙浩",
		"comp": "山东有限公司",
		"HR": "HR",
		"src": "img/imgNew/1.png",
		"date": "09:15",
		"prefix": "新招呼",
		"content":"有意应聘者请将中英文简历发至公司人力资源部，诚邀五湖四海各界人士"
	},
	{
		"name": "金云",
		"comp": "上海有限公司",
		"HR": "HRM",
		"src": "img/imgNew/2.png",
		"date": "09:12",
		"prefix": "新招呼",
		"content":"有意应聘者请将中英文简历发至公司人力资源部，诚邀五湖四海各界人士"
	},
	{
		"name": "马宁",
		"comp": "山东股份有限公司",
		"HR": "人力资源部",
		"src": "img/imgNew/3.png",
		"date": "09:11",
		"prefix": "新招呼",
		"content":"有意应聘者请将中英文简历发至公司人力资源部，诚邀五湖四海各界人士"
	},
	{
		"name": "张经理",
		"comp": "北京有限公司",
		"HR": "人资经理",
		"src": "img/imgNew/5.png",
		"date": "2021/06/27",
		"prefix": "邀请投递",
		"content":"有意应聘者请将中英文简历发至公司人力资源部，诚邀五湖四海各界人士"
	},
	{
		"name": "熊先生",
		"comp": "商职有限公司",
		"HR": "人事经理",
		"src": "img/imgNew/4.png",
		"date": "2020/05/29",
		"prefix": "邀请投递",
		"content":"有意应聘者请将中英文简历发至公司人力资源部，诚邀五湖四海各界人士"
	},
	{
		"name": "王女士",
		"comp": "有限公司",
		"HR": "人事专员",
		"src": "img/imgNew/3.png",
		"date": "2020/08/18",
		"prefix": "新招呼",
		"content":"有意应聘者请将中英文简历发至公司人力资源部，诚邀五湖四海各界人士"
	},
	{
		"name": "李国刚",
		"comp": "山东尚建有限公司",
		"HR": "总经理",
		"src": "img/imgNew/1.png",
		"date": "2019/11/20",
		"prefix": "新招呼",
		"content":"有意应聘者请将中英文简历发至公司人力资源部，诚邀五湖四海各界人士"
	}
]
